{"cameraMode":{"drawMode":0,"name":"Shaded","section":"Shading Mode"},"sceneLighting":false,"audioPlay":false,"sceneViewState":{"showFog":true,"showMaterialUpdate":false,"showSkybox":true,"showFlares":true,"showImageEffects":true,"showParticleSystems":true},"in2DMode":false,"pivot":{"x":0.006647020578384399,"y":0.513407826423645,"z":0.34318971633911135},"rotation":{"x":0.03597835823893547,"y":0.9334025979042053,"z":-0.34336528182029726,"w":0.0978027954697609},"size":3.8060379028320314,"orthographic":false}