{"cameraMode":{"drawMode":0,"name":"Shaded","section":"Shading Mode"},"sceneLighting":false,"audioPlay":false,"sceneViewState":{"showFog":true,"showMaterialUpdate":false,"showSkybox":true,"showFlares":true,"showImageEffects":true,"showParticleSystems":true},"in2DMode":false,"pivot":{"x":0.001191854476928711,"y":0.8806195259094238,"z":-0.0004425644874572754},"rotation":{"x":0.03597835823893547,"y":0.9334025979042053,"z":-0.34336528182029726,"w":0.0978027954697609},"size":4.950691223144531,"orthographic":false}