{"cameraMode":{"drawMode":0,"name":"Shaded","section":"Shading Mode"},"sceneLighting":false,"audioPlay":false,"sceneViewState":{"showFog":true,"showMaterialUpdate":false,"showSkybox":true,"showFlares":true,"showImageEffects":true,"showParticleSystems":true},"in2DMode":false,"pivot":{"x":0.11046147346496582,"y":1.3603028059005738,"z":-0.19436168670654298},"rotation":{"x":-0.014903469011187554,"y":0.6934692859649658,"z":0.01435187365859747,"w":0.720189094543457},"size":6.2945332527160648,"orthographic":false}