{"cameraMode":{"drawMode":0,"name":"Shaded","section":"Shading Mode"},"sceneLighting":false,"audioPlay":false,"sceneViewState":{"showFog":true,"showMaterialUpdate":false,"showSkybox":true,"showFlares":true,"showImageEffects":true,"showParticleSystems":true},"in2DMode":false,"pivot":{"x":-0.19600141048431397,"y":1.6278204917907715,"z":-0.2846059501171112},"rotation":{"x":-0.12487632036209107,"y":-0.6858044862747192,"z":0.12118450552225113,"w":-0.7066770195960999},"size":6.062748908996582,"orthographic":false}