{"cameraMode":{"drawMode":0,"name":"Shaded","section":"Shading Mode"},"sceneLighting":false,"audioPlay":false,"sceneViewState":{"showFog":true,"showMaterialUpdate":false,"showSkybox":true,"showFlares":true,"showImageEffects":true,"showParticleSystems":true},"in2DMode":false,"pivot":{"x":-3.725290298461914e-9,"y":-1.862645149230957e-9,"z":0.0008840765804052353},"rotation":{"x":0.14408379793167115,"y":0.2623065710067749,"z":-0.03964376822113991,"w":0.953343391418457},"size":0.05661163479089737,"orthographic":false}