{"cameraMode":{"drawMode":0,"name":"Shaded","section":"Shading Mode"},"sceneLighting":false,"audioPlay":false,"sceneViewState":{"showFog":true,"showMaterialUpdate":false,"showSkybox":true,"showFlares":true,"showImageEffects":true,"showParticleSystems":true},"in2DMode":false,"pivot":{"x":0.012995660305023194,"y":0.16212543845176698,"z":-0.5192487239837647},"rotation":{"x":-0.12487632036209107,"y":-0.6858044862747192,"z":0.12118450552225113,"w":-0.7066770195960999},"size":0.9041978716850281,"orthographic":false}