{"cameraMode":{"drawMode":0,"name":"Shaded","section":"Shading Mode"},"sceneLighting":false,"audioPlay":false,"sceneViewState":{"showFog":true,"showMaterialUpdate":false,"showSkybox":true,"showFlares":true,"showImageEffects":true,"showParticleSystems":true},"in2DMode":false,"pivot":{"x":0.0,"y":0.0006197579205036163,"z":-0.020003169775009157},"rotation":{"x":-0.12487632036209107,"y":-0.6858044862747192,"z":0.12118450552225113,"w":-0.7066770195960999},"size":0.3696102499961853,"orthographic":false}