{"cameraMode":{"drawMode":0,"name":"Shaded","section":"Shading Mode"},"sceneLighting":true,"audioPlay":false,"sceneViewState":{"showFog":true,"showMaterialUpdate":false,"showSkybox":true,"showFlares":true,"showImageEffects":true,"showParticleSystems":true},"in2DMode":false,"pivot":{"x":-0.24765682220458985,"y":0.008530139923095703,"z":0.008768558502197266},"rotation":{"x":0.14408379793167115,"y":0.2623065710067749,"z":-0.03964376822113991,"w":0.953343391418457},"size":40.010372161865237,"orthographic":false}