{"cameraMode":{"drawMode":0,"name":"Shaded","section":"Shading Mode"},"sceneLighting":false,"audioPlay":false,"sceneViewState":{"showFog":true,"showMaterialUpdate":false,"showSkybox":true,"showFlares":true,"showImageEffects":true,"showParticleSystems":true},"in2DMode":false,"pivot":{"x":0.01643991470336914,"y":3.725290298461914e-8,"z":3.166496753692627e-8},"rotation":{"x":-0.09717675298452378,"y":0.7124263048171997,"z":-0.10069523751735687,"w":-0.6876525282859802},"size":0.14317668974399568,"orthographic":false}