{"cameraMode":{"drawMode":0,"name":"Shaded","section":"Shading Mode"},"sceneLighting":true,"audioPlay":false,"sceneViewState":{"showFog":true,"showMaterialUpdate":false,"showSkybox":true,"showFlares":true,"showImageEffects":true,"showParticleSystems":true},"in2DMode":false,"pivot":{"x":5.0865702629089359,"y":1.7713531255722047,"z":3.8159451484680177},"rotation":{"x":0.10741040855646134,"y":-0.0834113284945488,"z":0.009043914265930653,"w":0.9906684160232544},"size":15.850584983825684,"orthographic":false}