{"cameraMode":{"drawMode":0,"name":"Shaded","section":"Shading Mode"},"sceneLighting":true,"audioPlay":false,"sceneViewState":{"showFog":true,"showMaterialUpdate":false,"showSkybox":true,"showFlares":true,"showImageEffects":true,"showParticleSystems":true},"in2DMode":false,"pivot":{"x":240.22377014160157,"y":-44.408897399902347,"z":280.0937194824219},"rotation":{"x":-0.29861047863960268,"y":-0.06207282468676567,"z":0.01945936679840088,"w":-0.9521554708480835},"size":136.334228515625,"orthographic":false}