{"cameraMode":{"drawMode":0,"name":"Shaded","section":"Shading Mode"},"sceneLighting":false,"audioPlay":false,"sceneViewState":{"showFog":true,"showMaterialUpdate":false,"showSkybox":true,"showFlares":true,"showImageEffects":true,"showParticleSystems":true},"in2DMode":false,"pivot":{"x":-0.03681504726409912,"y":1.0851751565933228,"z":-0.2579824924468994},"rotation":{"x":-0.12487632036209107,"y":-0.6858044862747192,"z":0.12118450552225113,"w":-0.7066770195960999},"size":5.122350215911865,"orthographic":false}