{"cameraMode":{"drawMode":0,"name":"Shaded","section":"Shading Mode"},"sceneLighting":false,"audioPlay":false,"sceneViewState":{"showFog":true,"showMaterialUpdate":false,"showSkybox":true,"showFlares":true,"showImageEffects":true,"showParticleSystems":true},"in2DMode":false,"pivot":{"x":0.02344292402267456,"y":1.5624881982803345,"z":-0.27470657229423525},"rotation":{"x":-0.09717675298452378,"y":0.7124263048171997,"z":-0.10069523751735687,"w":-0.6876525282859802},"size":6.583536148071289,"orthographic":false}