{"cameraMode":{"drawMode":0,"name":"Shaded","section":"Shading Mode"},"sceneLighting":false,"audioPlay":false,"sceneViewState":{"showFog":true,"showMaterialUpdate":false,"showSkybox":true,"showFlares":true,"showImageEffects":true,"showParticleSystems":true},"in2DMode":false,"pivot":{"x":0.007568061351776123,"y":0.014901697635650635,"z":-0.07881926745176316},"rotation":{"x":0.06910759210586548,"y":0.5564973950386047,"z":-0.04651544615626335,"w":0.8266626596450806},"size":0.36918020248413088,"orthographic":false}