{"cameraMode":{"drawMode":0,"name":"Shaded","section":"Shading Mode"},"sceneLighting":false,"audioPlay":false,"sceneViewState":{"showFog":true,"showMaterialUpdate":false,"showSkybox":true,"showFlares":true,"showImageEffects":true,"showParticleSystems":true},"in2DMode":false,"pivot":{"x":-0.415322482585907,"y":-0.18474704027175904,"z":-0.7614784240722656},"rotation":{"x":-0.10880441218614578,"y":0.5380794405937195,"z":-0.07029516249895096,"w":-0.8328810334205627},"size":1.2026684284210206,"orthographic":false}