{"cameraMode":{"drawMode":0,"name":"Shaded","section":"Shading Mode"},"sceneLighting":true,"audioPlay":false,"sceneViewState":{"showFog":true,"showMaterialUpdate":false,"showSkybox":true,"showFlares":true,"showImageEffects":true,"showParticleSystems":true},"in2DMode":false,"pivot":{"x":6.984919309616089e-9,"y":0.0006197579205036163,"z":-0.020003125071525575},"rotation":{"x":-0.12487632036209107,"y":-0.6858044862747192,"z":0.12118450552225113,"w":-0.7066770195960999},"size":6.369181156158447,"orthographic":false}