{"cameraMode":{"drawMode":0,"name":"Shaded","section":"Shading Mode"},"sceneLighting":false,"audioPlay":false,"sceneViewState":{"showFog":true,"showMaterialUpdate":false,"showSkybox":true,"showFlares":true,"showImageEffects":true,"showParticleSystems":true},"in2DMode":false,"pivot":{"x":0.012338504195213318,"y":1.7406394481658936,"z":1.1047663688659669},"rotation":{"x":-0.09041830897331238,"y":-0.9005635976791382,"z":0.22611956298351289,"w":-0.36011064052581789},"size":0.2857882082462311,"orthographic":false}