{"cameraMode":{"drawMode":0,"name":"Shaded","section":"Shading Mode"},"sceneLighting":false,"audioPlay":false,"sceneViewState":{"showFog":true,"showMaterialUpdate":false,"showSkybox":true,"showFlares":true,"showImageEffects":true,"showParticleSystems":true},"in2DMode":false,"pivot":{"x":-0.6755708456039429,"y":-0.16559915244579316,"z":-0.9119303226470947},"rotation":{"x":-0.1030474454164505,"y":0.6931533217430115,"z":-0.10114992409944534,"w":-0.7061787247657776},"size":1.2026684284210206,"orthographic":false}