{"cameraMode":{"drawMode":0,"name":"Shaded","section":"Shading Mode"},"sceneLighting":true,"audioPlay":false,"sceneViewState":{"showFog":true,"showMaterialUpdate":false,"showSkybox":true,"showFlares":true,"showImageEffects":true,"showParticleSystems":true},"in2DMode":false,"pivot":{"x":-7.5653977394104,"y":0.011715888977050782,"z":-2.3547372817993166},"rotation":{"x":0.04835212975740433,"y":0.9357575178146362,"z":-0.31927603483200076,"w":0.1417139619588852},"size":18.167020797729493,"orthographic":false}