{"cameraMode":{"drawMode":0,"name":"Shaded","section":"Shading Mode"},"sceneLighting":false,"audioPlay":false,"sceneViewState":{"showFog":true,"showMaterialUpdate":false,"showSkybox":true,"showFlares":true,"showImageEffects":true,"showParticleSystems":true},"in2DMode":false,"pivot":{"x":0.001191854476928711,"y":0.8806195259094238,"z":-0.0008025616407394409},"rotation":{"x":-0.012569204904139042,"y":0.9747200012207031,"z":-0.21572570502758027,"w":-0.05679195001721382},"size":3.451019287109375,"orthographic":false}