{"cameraMode":{"drawMode":0,"name":"Shaded","section":"Shading Mode"},"sceneLighting":false,"audioPlay":false,"sceneViewState":{"showFog":true,"showMaterialUpdate":false,"showSkybox":true,"showFlares":true,"showImageEffects":true,"showParticleSystems":true},"in2DMode":false,"pivot":{"x":0.04219388961791992,"y":0.5461365580558777,"z":0.30989623069763186},"rotation":{"x":-0.05215013027191162,"y":-0.8594701886177063,"z":0.08954302966594696,"w":-0.5005730390548706},"size":2.3060381412506105,"orthographic":false}