{"cameraMode":{"drawMode":0,"name":"Shaded","section":"Shading Mode"},"sceneLighting":false,"audioPlay":false,"sceneViewState":{"showFog":true,"showMaterialUpdate":false,"showSkybox":true,"showFlares":true,"showImageEffects":true,"showParticleSystems":true},"in2DMode":false,"pivot":{"x":-0.08577489852905274,"y":0.08740246295928955,"z":-0.006992459297180176},"rotation":{"x":-0.185250923037529,"y":-0.7540915608406067,"z":0.23973631858825684,"w":-0.5827130675315857},"size":10.289724349975586,"orthographic":false}