{"cameraMode":{"drawMode":0,"name":"Shaded","section":"Shading Mode"},"sceneLighting":true,"audioPlay":false,"sceneViewState":{"showFog":true,"showMaterialUpdate":false,"showSkybox":true,"showFlares":true,"showImageEffects":true,"showParticleSystems":true},"in2DMode":false,"pivot":{"x":-5.598745346069336,"y":13.474570274353028,"z":33.25559997558594},"rotation":{"x":-0.003131576580926776,"y":0.9882874488830566,"z":-0.15119372308254243,"w":-0.020460283383727075},"size":4.6810197830200199,"orthographic":false}