{"cameraMode":{"drawMode":0,"name":"Shaded","section":"Shading Mode"},"sceneLighting":false,"audioPlay":false,"sceneViewState":{"showFog":true,"showMaterialUpdate":false,"showSkybox":true,"showFlares":true,"showImageEffects":true,"showParticleSystems":true},"in2DMode":false,"pivot":{"x":4.961826324462891,"y":2.7079925537109377,"z":44.805274963378909},"rotation":{"x":-0.185250923037529,"y":-0.7540915608406067,"z":0.23973631858825684,"w":-0.5827130675315857},"size":27.113134384155275,"orthographic":false}