{"cameraMode":{"drawMode":0,"name":"Shaded","section":"Shading Mode"},"sceneLighting":false,"audioPlay":false,"sceneViewState":{"showFog":true,"showMaterialUpdate":false,"showSkybox":true,"showFlares":true,"showImageEffects":true,"showParticleSystems":true},"in2DMode":false,"pivot":{"x":30.842266082763673,"y":22.559581756591798,"z":118.65613555908203},"rotation":{"x":-0.04672775790095329,"y":0.9529618620872498,"z":-0.19894550740718842,"w":-0.22383248805999757},"size":7.714946269989014,"orthographic":false}