{"cameraMode":{"drawMode":0,"name":"Shaded","section":"Shading Mode"},"sceneLighting":false,"audioPlay":false,"sceneViewState":{"showFog":true,"showMaterialUpdate":false,"showSkybox":true,"showFlares":true,"showImageEffects":true,"showParticleSystems":true},"in2DMode":false,"pivot":{"x":-0.22803136706352235,"y":0.5985930562019348,"z":-5.960464477539063e-8},"rotation":{"x":0.1238381490111351,"y":0.6568745374679565,"z":-0.11059980094432831,"w":0.7354914546012878},"size":5.2083330154418949,"orthographic":false}