{"cameraMode":{"drawMode":0,"name":"Shaded","section":"Shading Mode"},"sceneLighting":false,"audioPlay":false,"sceneViewState":{"showFog":true,"showMaterialUpdate":false,"showSkybox":true,"showFlares":true,"showImageEffects":true,"showParticleSystems":true},"in2DMode":false,"pivot":{"x":0.058673400431871417,"y":-0.31149792671203616,"z":0.0},"rotation":{"x":0.2849653363227844,"y":0.221693217754364,"z":-0.06792391836643219,"w":0.9300717115402222},"size":9.570937156677246,"orthographic":false}