{"cameraMode":{"drawMode":0,"name":"Shaded","section":"Shading Mode"},"sceneLighting":false,"audioPlay":false,"sceneViewState":{"showFog":true,"showMaterialUpdate":false,"showSkybox":true,"showFlares":true,"showImageEffects":true,"showParticleSystems":true},"in2DMode":false,"pivot":{"x":0.001191854476928711,"y":0.8806195259094238,"z":-0.0008025616407394409},"rotation":{"x":-0.04197898134589195,"y":-0.9425569772720337,"z":0.1297609657049179,"w":-0.3049365282058716},"size":2.8510193824768068,"orthographic":false}