{"cameraMode":{"drawMode":0,"name":"Shaded","section":"Shading Mode"},"sceneLighting":false,"audioPlay":false,"sceneViewState":{"showFog":true,"showMaterialUpdate":false,"showSkybox":true,"showFlares":true,"showImageEffects":true,"showParticleSystems":true},"in2DMode":false,"pivot":{"x":0.0009369850158691406,"y":1.4786779880523682,"z":-1.7881393432617188e-7},"rotation":{"x":0.1238381490111351,"y":0.6568745374679565,"z":-0.11059980094432831,"w":0.7354914546012878},"size":7.144040584564209,"orthographic":false}