{"cameraMode":{"drawMode":0,"name":"Shaded","section":"Shading Mode"},"sceneLighting":false,"audioPlay":false,"sceneViewState":{"showFog":true,"showMaterialUpdate":false,"showSkybox":true,"showFlares":true,"showImageEffects":true,"showParticleSystems":true},"in2DMode":false,"pivot":{"x":-0.0015709400177001954,"y":-0.046379804611206058,"z":-0.04210686683654785},"rotation":{"x":-0.185250923037529,"y":-0.7540915608406067,"z":0.23973631858825684,"w":-0.5827130675315857},"size":11.720569610595704,"orthographic":false}