{"cameraMode":{"drawMode":0,"name":"Shaded","section":"Shading Mode"},"sceneLighting":false,"audioPlay":false,"sceneViewState":{"showFog":true,"showMaterialUpdate":false,"showSkybox":true,"showFlares":true,"showImageEffects":true,"showParticleSystems":true},"in2DMode":false,"pivot":{"x":6.748542308807373,"y":7.717939376831055,"z":31.826461791992189},"rotation":{"x":-0.185250923037529,"y":-0.7540915608406067,"z":0.23973631858825684,"w":-0.5827130675315857},"size":70.10022735595703,"orthographic":false}