{"cameraMode":{"drawMode":0,"name":"Shaded","section":"Shading Mode"},"sceneLighting":false,"audioPlay":false,"sceneViewState":{"showFog":true,"showMaterialUpdate":false,"showSkybox":true,"showFlares":true,"showImageEffects":true,"showParticleSystems":true},"in2DMode":false,"pivot":{"x":-0.00575411319732666,"y":0.06958168745040894,"z":0.00850522518157959},"rotation":{"x":0.1238381490111351,"y":0.6568745374679565,"z":-0.11059980094432831,"w":0.7354914546012878},"size":7.714946746826172,"orthographic":false}