{"cameraMode":{"drawMode":0,"name":"Shaded","section":"Shading Mode"},"sceneLighting":false,"audioPlay":false,"sceneViewState":{"showFog":true,"showMaterialUpdate":false,"showSkybox":true,"showFlares":true,"showImageEffects":true,"showParticleSystems":true},"in2DMode":false,"pivot":{"x":-0.0018836259841918946,"y":1.4793152809143067,"z":1.1920928955078126e-7},"rotation":{"x":-0.04672775790095329,"y":0.9529618620872498,"z":-0.19894550740718842,"w":-0.22383248805999757},"size":7.141055583953857,"orthographic":false}