{"cameraMode":{"drawMode":0,"name":"Shaded","section":"Shading Mode"},"sceneLighting":false,"audioPlay":false,"sceneViewState":{"showFog":true,"showMaterialUpdate":false,"showSkybox":true,"showFlares":true,"showImageEffects":true,"showParticleSystems":true},"in2DMode":false,"pivot":{"x":0.0023248791694641115,"y":1.4594080448150635,"z":-0.0035320520401000978},"rotation":{"x":-0.04672775790095329,"y":0.9529618620872498,"z":-0.19894550740718842,"w":-0.22383248805999757},"size":4.850561141967773,"orthographic":false}