{"cameraMode":{"drawMode":0,"name":"Shaded","section":"Shading Mode"},"sceneLighting":false,"audioPlay":false,"sceneViewState":{"showFog":true,"showMaterialUpdate":false,"showSkybox":true,"showFlares":true,"showImageEffects":true,"showParticleSystems":true},"in2DMode":false,"pivot":{"x":-0.0006684064865112305,"y":0.6526628732681274,"z":-0.007688865065574646},"rotation":{"x":0.1238381490111351,"y":0.6568745374679565,"z":-0.11059980094432831,"w":0.7354914546012878},"size":4.264640808105469,"orthographic":false}