{"cameraMode":{"drawMode":0,"name":"Shaded","section":"Shading Mode"},"sceneLighting":false,"audioPlay":false,"sceneViewState":{"showFog":true,"showMaterialUpdate":false,"showSkybox":true,"showFlares":true,"showImageEffects":true,"showParticleSystems":true},"in2DMode":false,"pivot":{"x":-0.5683349370956421,"y":1.022825002670288,"z":-4.917383193969727e-7},"rotation":{"x":-0.04672775790095329,"y":0.9529618620872498,"z":-0.19894550740718842,"w":-0.22383248805999757},"size":4.328874588012695,"orthographic":false}