{"cameraMode":{"drawMode":0,"name":"Shaded","section":"Shading Mode"},"sceneLighting":false,"audioPlay":false,"sceneViewState":{"showFog":true,"showMaterialUpdate":false,"showSkybox":true,"showFlares":true,"showImageEffects":true,"showParticleSystems":true},"in2DMode":false,"pivot":{"x":-0.0015709400177001954,"y":-0.046379804611206058,"z":-0.04210686683654785},"rotation":{"x":-0.09904482215642929,"y":-0.8862417936325073,"z":0.2228042036294937,"w":-0.3938577175140381},"size":11.720569610595704,"orthographic":false}