{"cameraMode":{"drawMode":0,"name":"Shaded","section":"Shading Mode"},"sceneLighting":true,"audioPlay":false,"sceneViewState":{"showFog":true,"showMaterialUpdate":false,"showSkybox":true,"showFlares":true,"showImageEffects":true,"showParticleSystems":true},"in2DMode":false,"pivot":{"x":0.865328311920166,"y":14.417047500610352,"z":64.20878601074219},"rotation":{"x":0.045629944652318957,"y":0.9013007283210754,"z":-0.09799468517303467,"w":0.4194902777671814},"size":56.803680419921878,"orthographic":false}