{"cameraMode":{"drawMode":0,"name":"Shaded","section":"Shading Mode"},"sceneLighting":false,"audioPlay":false,"sceneViewState":{"showFog":true,"showMaterialUpdate":false,"showSkybox":true,"showFlares":true,"showImageEffects":true,"showParticleSystems":true},"in2DMode":false,"pivot":{"x":11.870033264160157,"y":14.120892524719239,"z":54.20170593261719},"rotation":{"x":0.08121718466281891,"y":0.8274303078651428,"z":-0.12403629720211029,"w":0.5416436791419983},"size":27.285097122192384,"orthographic":false}