{"cameraMode":{"drawMode":0,"name":"Shaded","section":"Shading Mode"},"sceneLighting":false,"audioPlay":false,"sceneViewState":{"showFog":true,"showMaterialUpdate":false,"showSkybox":true,"showFlares":true,"showImageEffects":true,"showParticleSystems":true},"in2DMode":false,"pivot":{"x":-0.02655702829360962,"y":-0.2075117528438568,"z":-0.2247065305709839},"rotation":{"x":0.09453923255205155,"y":0.2495950311422348,"z":-0.02446579933166504,"w":0.9634137749671936},"size":6.583536148071289,"orthographic":false}