{"cameraMode":{"drawMode":0,"name":"Shaded","section":"Shading Mode"},"sceneLighting":false,"audioPlay":false,"sceneViewState":{"showFog":true,"showMaterialUpdate":false,"showSkybox":true,"showFlares":true,"showImageEffects":true,"showParticleSystems":true},"in2DMode":false,"pivot":{"x":0.006647020578384399,"y":0.513407826423645,"z":0.34318971633911135},"rotation":{"x":-0.0339035801589489,"y":0.9660471677780151,"z":-0.17610029876232148,"w":-0.1859896183013916},"size":1.706038236618042,"orthographic":false}