{"cameraMode":{"drawMode":0,"name":"Shaded","section":"Shading Mode"},"sceneLighting":true,"audioPlay":false,"sceneViewState":{"showFog":true,"showMaterialUpdate":false,"showSkybox":true,"showFlares":true,"showImageEffects":true,"showParticleSystems":true},"in2DMode":false,"pivot":{"x":0.43699049949645998,"y":0.3151282072067261,"z":-1.6084944009780884},"rotation":{"x":-0.0030104401521384718,"y":0.9941113591194153,"z":-0.02864784561097622,"w":-0.10446447879076004},"size":1.3770227432250977,"orthographic":false}